occupancy,mean,std,mae,r2,ab
occ0.2,4.946772839546073,17.210415874993604,12.794059212211785,0.9087904305181064,"(np.float64(0.9727199042649701), np.float64(5.482748233580256))"
occ0.5,-2.8588222448858382,26.20287227778752,18.930138382334142,0.907177119179986,"(np.float64(0.9737761254228042), np.float64(-1.5448478732886646))"
occ0.7,-7.934253336438563,30.762441073464757,23.378284157645236,0.8889144814907356,"(np.float64(0.9723913629894176), np.float64(-6.004291361410142))"
occ0.9,-13.18674758371452,33.783290361016356,27.577022315120562,0.8687795418394779,"(np.float64(0.9741250880601225), np.float64(-10.847717361929467))"
