occupancy,mean,std
occ0.2,4.946825118012765,17.20997952948303
occ0.5,-2.858581839004021,26.203545542547875
occ0.7,-7.934774302876508,30.763273767877145
occ0.9,-13.186287186616497,33.78402582483968
