occupancy,mean,std
occ0.2,4.946772839546073,17.210415874993604
occ0.5,-2.8588222448858382,26.20287227778752
occ0.7,-7.934253336438563,30.762441073464757
occ0.9,-13.18674758371452,33.783290361016356
