,occ0.2,occ0.5,occ0.7,occ0.9
0,6.073225348668091,12.75810899240338,20.320814993994997,21.346283741896737
1,14.778956879247067,23.460021749074514,28.256575902095545,27.336054973125723
2,14.60913773765062,24.913308671885478,34.06811490201488,36.28803084344589
