occupancy,mean,std
occ0.2,-1.4347883275372753,17.48099421504471
occ0.5,-2.3078811045325582,31.866542508087488
occ0.7,6.126924777352568,39.243691278769184
occ0.9,-7.918860415566136,45.56948892840787
