occupancy,mean,std
occ0.2,1.3536302677072898,15.089396603288058
occ0.5,-1.4360665071686842,28.326583716531463
occ0.7,-0.888710357041398,39.50863600394975
occ0.9,4.090580339298334,43.655345709029895
